{
  "timestamp": "2025-07-26T01:55:19.200411",
  "total_clients": 483,
  "clients_with_uuids": 4,
  "total_mapped_files": 23,
  "total_s3_files": 138,
  "completion_percentage": 16.666666666666664
}